<beans xmlns="http://www.springframework.org/schema/beans"
	xmlns:xsi="http://www.w3.org/2001/XMLSchema-instance"
	xmlns:context="http://www.springframework.org/schema/context"
	xsi:schemaLocation="http://www.springframework.org/schema/beans http://www.springframework.org/schema/beans/spring-beans-3.0.xsd http://www.springframework.org/schema/context http://www.springframework.org/schema/context/spring-context-3.0.xsd">


	<bean class="com.nec.springcore.Employee" id="emp" autowire="byType">
		<!-- Employee emp =new Employee(); -->
		<property name="empId" value="123"></property>
		<property name="empName" value="mahesh"></property>
		<property name="empSal" value="80000"></property>
		<property name="empDesg" value="developer"></property>
		<!-- <property name="address" ref="add"></property> -->
	</bean>
	<bean class="com.nec.springcore.Address" id="add">
		<!-- Address add =new Address(); -->
		<property name="hno" value="22"></property>
		<property name="colony" value="sbicolony"></property>
		<property name="city" value="hyderabad"></property>
		<property name="pincode" value="500074"></property>

	</bean>

</beans>


	<!-- 	<constructor-arg name="empId" value="125"></constructor-arg>
		<constructor-arg name="empName" value="suresh"></constructor-arg>
		<constructor-arg name="empSal" value="90000"></constructor-arg>
		<constructor-arg name="empDesg" value="trainer"></constructor-arg>
 -->